name;age
Ann;21
Tim;22
Tom;22
Ann;21
Tim;22
Tom;22
Ann;21
Tim;22
Tom;22
Ann;21
Tim;22
Tom;22
Ann;21
Tim;22
Tom;22
Ann;21
Tim;22
Tom;22
Ann;21
Tim;22
Tom;22
Ann;21
Tim;22
Tom;22
Ann;21
Tim;22
Tom;22
Ann;21
Tim;22
Tom;22
Ann;21
Tim;22
Tom;22
Ann;21
Tim;22
Tom;22
Ann;21
Tim;22
Tom;22
Ann;21
Tim;22
Tom;22
Ann;21
Tim;22
Tom;22
Ann;21
Tim;22
Tom;22
Ann;21
Tim;22
Tom;22
Ann;21
Tim;22
Tom;22
Ann;21
Tim;22
Tom;22
Ann;21
Tim;22
Tom;22
Ann;21
Tim;22
Tom;22
Ann;21
Tim;22
Tom;22
Ann;21
Tim;22
Tom;22
Ann;21
Tim;22
Tom;22
Ann;21
Tim;22
Tom;22
Ann;21
Tim;22
Tom;22
Ann;21
Tim;22
Tom;22
Ann;21
Tim;22
Tom;22
Ann;21
Tim;22
Tom;22
Ann;21
Tim;22
Tom;22
Ann;21
Tim;22
Tom;22
Ann;21
Tim;22
Tom;22
Ann;21
Tim;22
Tom;22
Ann;21
Tim;22
Tom;22
Ann;21
Tim;22
Tom;22
Ann;21
Tim;22
Tom;22
Ann;21
Tim;22
Tom;22
Ann;21
Tim;22
Tom;22
Ann;21
Tim;22
Tom;22
Ann;21
Tim;22
Tom;22
Ann;21
Tim;22
Tom;22
Ann;21
Tim;22
Tom;22
Ann;21
Tim;22
Tom;22
Ann;21
Tim;22
Tom;22
Ann;21
Tim;22
Tom;22
Ann;21
Tim;22
Tom;22
Ann;21
Tim;22
Tom;22
Ann;21
Tim;22
Tom;22
Ann;21
Tim;22
Tom;22
Tomaaaaaaaaaaaaaaaaaaaaaaaaaaaaaaaaaaaaaaaaaaaaaaaaaaaaaaaaaaaaaaaa;22